-- ============================================================
-- OS12 Production Dataset Seed
-- Populates Subjects, Roadmap Phases, Roadmap Months, Chapters
-- Generated strictly according to Operating Manual guidelines
-- ============================================================

truncate table public.chapters cascade;
truncate table public.roadmap_months cascade;
truncate table public.roadmap_phases cascade;
truncate table public.subjects cascade;

-- Subjects
insert into public.subjects (id, slug, name, batch_days, batch_time, is_batch_paced) values ('8e0c8562-c30f-403c-8199-885d0c327df4', 'physics', 'Physics', '{Tuesday,Thursday,Saturday}', '7:00-8:00 PM', true);
insert into public.subjects (id, slug, name, batch_days, batch_time, is_batch_paced) values ('48742935-03a7-44af-8e5d-5514a0444a72', 'chemistry', 'Chemistry', '{Monday,Wednesday,Friday}', '4:00-5:00 PM', true);
insert into public.subjects (id, slug, name, batch_days, batch_time, is_batch_paced) values ('4f355696-d803-431f-b74d-4bbcdf8082de', 'mathematics', 'Mathematics', '{Monday,Wednesday,Friday}', '7:00-8:00 PM', true);
insert into public.subjects (id, slug, name, batch_days, batch_time, is_batch_paced) values ('e72fda95-da64-4646-96d0-6ef96ba2eea0', 'computer-science', 'Computer Science', '{}', null, false);
insert into public.subjects (id, slug, name, batch_days, batch_time, is_batch_paced) values ('51122e19-ef57-4cae-aa43-a1961e3c0dcd', 'english', 'English', '{Tuesday,Thursday,Saturday}', '5:00-6:00 PM', true);

-- Roadmap Phases
insert into public.roadmap_phases (id, name, description, start_date, end_date, order_index) values ('b3f41ecb-9197-47e5-8118-073dfe667879', 'Foundation', 'Systems + habits', '2026-07-01', '2026-07-31', 1);
insert into public.roadmap_phases (id, name, description, start_date, end_date, order_index) values ('c00f1f6b-9b34-48ac-a9f6-f98164438cb2', 'Momentum', 'Full-month stress test', '2026-08-01', '2026-08-31', 2);
insert into public.roadmap_phases (id, name, description, start_date, end_date, order_index) values ('5b7fb614-6a25-4960-891b-a4c84cf2c4c1', 'NDA Phase', 'NDA 2 exam - 13 Sep', '2026-09-01', '2026-09-30', 3);
insert into public.roadmap_phases (id, name, description, start_date, end_date, order_index) values ('1e0b4746-01f4-42dc-8457-cdbbf044a7cb', 'Integration', 'JEE-weight tagging deepens', '2026-10-01', '2026-10-31', 4);
insert into public.roadmap_phases (id, name, description, start_date, end_date, order_index) values ('e9037009-3bc6-4b54-a512-b83c47070ec3', 'Preboard Phase', 'Preboard-1 (~75% syllabus)', '2026-11-01', '2026-11-30', 5);
insert into public.roadmap_phases (id, name, description, start_date, end_date, order_index) values ('8b99fa49-91ac-4bb6-b69a-d59cbfe89163', 'Syllabus Complete', 'Preboard-2 (100% syllabus)', '2026-12-01', '2026-12-31', 6);
insert into public.roadmap_phases (id, name, description, start_date, end_date, order_index) values ('9a038652-59c6-418b-acae-798138d3286e', 'JEE Main', 'Session 1 - pure revision', '2027-01-01', '2027-01-31', 7);
insert into public.roadmap_phases (id, name, description, start_date, end_date, order_index) values ('17dc32f0-75c3-46a4-8630-e6feaafb8362', 'Board Exams', 'CBSE Class 12', '2027-02-01', '2027-03-31', 8);
insert into public.roadmap_phases (id, name, description, start_date, end_date, order_index) values ('dfbeba43-9a60-4bc3-b31d-3540e96fe4a3', 'JEE Main 2 / Advanced', 'Post-board window', '2027-04-01', '2027-06-30', 9);
insert into public.roadmap_phases (id, name, description, start_date, end_date, order_index) values ('5e44b6a6-2cad-4f8b-af26-03fd722c99bd', 'Year Review', 'Reset & next chapter', '2027-07-01', '2027-07-31', 10);

-- Roadmap Months
insert into public.roadmap_months (id, phase_id, name, month_date, focus_area, order_index) values ('ea639841-bc9f-475d-bb01-6019b17a8cf1', 'b3f41ecb-9197-47e5-8118-073dfe667879', 'July 2026', '2026-07-01', 'Build habits, not speed', 1);
insert into public.roadmap_months (id, phase_id, name, month_date, focus_area, order_index) values ('1a1673ad-3e1a-4662-9d7f-a7b28b02bf9b', 'c00f1f6b-9b34-48ac-a9f6-f98164438cb2', 'August 2026', '2026-08-01', 'Hold zero backlog through school unit test', 2);
insert into public.roadmap_months (id, phase_id, name, month_date, focus_area, order_index) values ('22c07eda-6a4b-4c7e-965e-76d90128b8f6', '5b7fb614-6a25-4960-891b-a4c84cf2c4c1', 'September 2026', '2026-09-01', 'Sit NDA 2 2026 with zero board/JEE cost', 3);
insert into public.roadmap_months (id, phase_id, name, month_date, focus_area, order_index) values ('1270addc-fb13-4276-af89-530378285b46', '1e0b4746-01f4-42dc-8457-cdbbf044a7cb', 'October 2026', '2026-10-01', 'Sustained pace + sharper JEE filter', 4);
insert into public.roadmap_months (id, phase_id, name, month_date, focus_area, order_index) values ('6a4019c3-71ca-4af6-b144-55dafa8082f6', 'e9037009-3bc6-4b54-a512-b83c47070ec3', 'November 2026', '2026-11-01', 'Preboard-1 with real preparation', 5);
insert into public.roadmap_months (id, phase_id, name, month_date, focus_area, order_index) values ('9a5224ab-3e8f-480e-b952-00b2f0256dc3', '8b99fa49-91ac-4bb6-b69a-d59cbfe89163', 'December 2026', '2026-12-01', '100% syllabus, zero backlog into January', 6);
insert into public.roadmap_months (id, phase_id, name, month_date, focus_area, order_index) values ('a98e839c-bd46-41a4-86d1-3d6391e26b8c', '9a038652-59c6-418b-acae-798138d3286e', 'January 2027', '2027-01-01', 'Final Revision + JEE Main Session 1', 7);
insert into public.roadmap_months (id, phase_id, name, month_date, focus_area, order_index) values ('ed866f67-7ae7-4bf5-9e27-67b74c0d9314', '17dc32f0-75c3-46a4-8630-e6feaafb8362', 'February 2027', '2027-02-01', 'CBSE Board Examinations', 8);
insert into public.roadmap_months (id, phase_id, name, month_date, focus_area, order_index) values ('f40bcb74-a53e-4850-8589-cd064a6714c6', '17dc32f0-75c3-46a4-8630-e6feaafb8362', 'March 2027', '2027-03-01', 'CBSE Board Examinations', 9);
insert into public.roadmap_months (id, phase_id, name, month_date, focus_area, order_index) values ('5c738375-9c31-484c-80c8-36eaa51953dd', 'dfbeba43-9a60-4bc3-b31d-3540e96fe4a3', 'April 2027', '2027-04-01', 'JEE Main Session 2 / Advanced Prep', 10);
insert into public.roadmap_months (id, phase_id, name, month_date, focus_area, order_index) values ('99d22717-789c-4e9d-9720-691545176161', 'dfbeba43-9a60-4bc3-b31d-3540e96fe4a3', 'May 2027', '2027-05-01', 'JEE Advanced Prep / Income Roadmap', 11);
insert into public.roadmap_months (id, phase_id, name, month_date, focus_area, order_index) values ('0febb05e-8c6e-46d7-90f5-8091a87394eb', 'dfbeba43-9a60-4bc3-b31d-3540e96fe4a3', 'June 2027', '2027-06-01', 'JEE Advanced / Income Roadmap', 12);
insert into public.roadmap_months (id, phase_id, name, month_date, focus_area, order_index) values ('cb5f52a4-56dc-44f6-8683-743d7815195c', '5e44b6a6-2cad-4f8b-af26-03fd722c99bd', 'July 2027', '2027-07-01', 'Full-year retrospective', 13);

-- Chapters
insert into public.chapters (id, subject_id, name, is_placeholder, phase, month, order_index, jee_weight, difficulty, priority, estimated_hours) values ('dd0835cd-ca7d-40c3-8102-697c3deef04b', '8e0c8562-c30f-403c-8199-885d0c327df4', 'Electric Charges and Fields', false, 'Foundation', '2026-07-01', 1, 'high', 'medium', 'high', 10);
insert into public.chapters (id, subject_id, name, is_placeholder, phase, month, order_index, jee_weight, difficulty, priority, estimated_hours) values ('7dabc668-13c3-4abd-8e6f-e1a900189793', '8e0c8562-c30f-403c-8199-885d0c327df4', 'Electrostatic Potential and Capacitance', false, 'Foundation', '2026-07-01', 2, 'high', 'medium', 'high', 10);
insert into public.chapters (id, subject_id, name, is_placeholder, phase, month, order_index, jee_weight, difficulty, priority, estimated_hours) values ('2424c878-35e7-4c89-a09e-d8070e1f24e2', '8e0c8562-c30f-403c-8199-885d0c327df4', 'Current Electricity', false, 'Foundation', '2026-07-01', 3, 'high', 'hard', 'high', 10);
insert into public.chapters (id, subject_id, name, is_placeholder, phase, month, order_index, jee_weight, difficulty, priority, estimated_hours) values ('5fd78efb-288e-4b38-ad34-185ed78fe196', '8e0c8562-c30f-403c-8199-885d0c327df4', 'Moving Charges and Magnetism', false, 'Momentum', '2026-08-01', 4, 'high', 'hard', 'high', 10);
insert into public.chapters (id, subject_id, name, is_placeholder, phase, month, order_index, jee_weight, difficulty, priority, estimated_hours) values ('66f61da0-d8f9-434c-9a24-d59db0cc76b7', '8e0c8562-c30f-403c-8199-885d0c327df4', 'Magnetism and Matter', false, 'Momentum', '2026-08-01', 5, 'standard', 'easy', 'medium', 10);
insert into public.chapters (id, subject_id, name, is_placeholder, phase, month, order_index, jee_weight, difficulty, priority, estimated_hours) values ('295f9dec-20e3-451b-8b6c-158ec3c83531', '8e0c8562-c30f-403c-8199-885d0c327df4', 'Electromagnetic Induction', false, 'Momentum', '2026-08-01', 6, 'high', 'medium', 'high', 10);
insert into public.chapters (id, subject_id, name, is_placeholder, phase, month, order_index, jee_weight, difficulty, priority, estimated_hours) values ('e40b97f7-3c80-4d64-ac93-742f5d552114', '8e0c8562-c30f-403c-8199-885d0c327df4', 'Alternating Current', false, 'NDA Phase', '2026-09-01', 7, 'high', 'medium', 'high', 10);
insert into public.chapters (id, subject_id, name, is_placeholder, phase, month, order_index, jee_weight, difficulty, priority, estimated_hours) values ('8e4cba89-f4a6-4cec-8922-c4a1119dcb7b', '8e0c8562-c30f-403c-8199-885d0c327df4', 'Electromagnetic Waves', false, 'NDA Phase', '2026-09-01', 8, 'standard', 'easy', 'medium', 10);
insert into public.chapters (id, subject_id, name, is_placeholder, phase, month, order_index, jee_weight, difficulty, priority, estimated_hours) values ('b79afb27-23a7-454d-b481-726ce5889802', '8e0c8562-c30f-403c-8199-885d0c327df4', 'Ray Optics and Optical Instruments', false, 'NDA Phase', '2026-09-01', 9, 'high', 'hard', 'high', 10);
insert into public.chapters (id, subject_id, name, is_placeholder, phase, month, order_index, jee_weight, difficulty, priority, estimated_hours) values ('9e2d6d88-325e-48dc-87f5-ad6e76c6b52d', '8e0c8562-c30f-403c-8199-885d0c327df4', 'Wave Optics', false, 'Integration', '2026-10-01', 10, 'high', 'hard', 'high', 10);
insert into public.chapters (id, subject_id, name, is_placeholder, phase, month, order_index, jee_weight, difficulty, priority, estimated_hours) values ('db89443f-e0fc-4561-837d-e6d0f83f226b', '8e0c8562-c30f-403c-8199-885d0c327df4', 'Dual Nature of Radiation and Matter', false, 'Integration', '2026-10-01', 11, 'high', 'medium', 'medium', 10);
insert into public.chapters (id, subject_id, name, is_placeholder, phase, month, order_index, jee_weight, difficulty, priority, estimated_hours) values ('f8ae7140-caf7-4cbb-89e9-e426a615a310', '8e0c8562-c30f-403c-8199-885d0c327df4', 'Atoms', false, 'Integration', '2026-10-01', 12, 'high', 'medium', 'medium', 10);
insert into public.chapters (id, subject_id, name, is_placeholder, phase, month, order_index, jee_weight, difficulty, priority, estimated_hours) values ('2d7dc40b-f85e-465c-b976-34f3874aa430', '8e0c8562-c30f-403c-8199-885d0c327df4', 'Nuclei', false, 'Preboard Phase', '2026-11-01', 13, 'high', 'medium', 'medium', 10);
insert into public.chapters (id, subject_id, name, is_placeholder, phase, month, order_index, jee_weight, difficulty, priority, estimated_hours) values ('642a5922-bf75-4ea0-ac78-3ec10814a4fa', '8e0c8562-c30f-403c-8199-885d0c327df4', 'Semiconductor Electronics', false, 'Preboard Phase', '2026-11-01', 14, 'standard', 'hard', 'high', 10);
insert into public.chapters (id, subject_id, name, is_placeholder, phase, month, order_index, jee_weight, difficulty, priority, estimated_hours) values ('74722112-2598-4bbc-9451-d6f28dc6e2cb', '48742935-03a7-44af-8e5d-5514a0444a72', 'Solutions', false, 'Foundation', '2026-07-01', 1, 'standard', 'medium', 'medium', 8);
insert into public.chapters (id, subject_id, name, is_placeholder, phase, month, order_index, jee_weight, difficulty, priority, estimated_hours) values ('0b1db342-3631-449f-9495-857a29b93db8', '48742935-03a7-44af-8e5d-5514a0444a72', 'Electrochemistry', false, 'Foundation', '2026-07-01', 2, 'high', 'hard', 'high', 8);
insert into public.chapters (id, subject_id, name, is_placeholder, phase, month, order_index, jee_weight, difficulty, priority, estimated_hours) values ('9f1bb8e9-65aa-4b24-8e74-ab02958c4ac7', '48742935-03a7-44af-8e5d-5514a0444a72', 'Chemical Kinetics', false, 'Momentum', '2026-08-01', 3, 'high', 'medium', 'medium', 8);
insert into public.chapters (id, subject_id, name, is_placeholder, phase, month, order_index, jee_weight, difficulty, priority, estimated_hours) values ('806742d2-ec9d-4e5f-ad15-b6a24930c918', '48742935-03a7-44af-8e5d-5514a0444a72', 'd and f Block Elements', false, 'Momentum', '2026-08-01', 4, 'standard', 'medium', 'medium', 8);
insert into public.chapters (id, subject_id, name, is_placeholder, phase, month, order_index, jee_weight, difficulty, priority, estimated_hours) values ('4470d566-d371-430e-91bc-99d5bd1b0baf', '48742935-03a7-44af-8e5d-5514a0444a72', 'Coordination Compounds', false, 'NDA Phase', '2026-09-01', 5, 'high', 'hard', 'high', 8);
insert into public.chapters (id, subject_id, name, is_placeholder, phase, month, order_index, jee_weight, difficulty, priority, estimated_hours) values ('9c1e393b-ad2c-4708-835f-30ebcad565bd', '48742935-03a7-44af-8e5d-5514a0444a72', 'Haloalkanes and Haloarenes', false, 'NDA Phase', '2026-09-01', 6, 'standard', 'medium', 'medium', 8);
insert into public.chapters (id, subject_id, name, is_placeholder, phase, month, order_index, jee_weight, difficulty, priority, estimated_hours) values ('6d8b7e3a-0f8b-4999-bea3-2772502e688c', '48742935-03a7-44af-8e5d-5514a0444a72', 'Alcohols, Phenols, and Ethers', false, 'Integration', '2026-10-01', 7, 'high', 'medium', 'high', 8);
insert into public.chapters (id, subject_id, name, is_placeholder, phase, month, order_index, jee_weight, difficulty, priority, estimated_hours) values ('0b350680-8b6d-4be7-b623-5e6ea067a8a3', '48742935-03a7-44af-8e5d-5514a0444a72', 'Aldehydes, Ketones and Carboxylic Acids', false, 'Integration', '2026-10-01', 8, 'high', 'hard', 'high', 8);
insert into public.chapters (id, subject_id, name, is_placeholder, phase, month, order_index, jee_weight, difficulty, priority, estimated_hours) values ('480b37fd-7ad1-43a2-93db-36f6065cee85', '48742935-03a7-44af-8e5d-5514a0444a72', 'Amines', false, 'Preboard Phase', '2026-11-01', 9, 'standard', 'medium', 'medium', 8);
insert into public.chapters (id, subject_id, name, is_placeholder, phase, month, order_index, jee_weight, difficulty, priority, estimated_hours) values ('96d5293e-2207-4837-9f58-2fb9b19cd329', '48742935-03a7-44af-8e5d-5514a0444a72', 'Biomolecules', false, 'Preboard Phase', '2026-11-01', 10, 'standard', 'easy', 'low', 8);
insert into public.chapters (id, subject_id, name, is_placeholder, phase, month, order_index, jee_weight, difficulty, priority, estimated_hours) values ('3af7773f-2d34-471b-8b48-4a8309a1189e', '4f355696-d803-431f-b74d-4bbcdf8082de', 'Relations and Functions', false, 'Foundation', '2026-07-01', 1, 'standard', 'medium', 'medium', 10);
insert into public.chapters (id, subject_id, name, is_placeholder, phase, month, order_index, jee_weight, difficulty, priority, estimated_hours) values ('ce576936-763d-478a-8250-25895a4de165', '4f355696-d803-431f-b74d-4bbcdf8082de', 'Inverse Trigonometric Functions', false, 'Foundation', '2026-07-01', 2, 'standard', 'medium', 'medium', 10);
insert into public.chapters (id, subject_id, name, is_placeholder, phase, month, order_index, jee_weight, difficulty, priority, estimated_hours) values ('13b0b52b-ec84-4861-b1be-f9e727e93a9b', '4f355696-d803-431f-b74d-4bbcdf8082de', 'Matrices', false, 'Foundation', '2026-07-01', 3, 'standard', 'easy', 'low', 10);
insert into public.chapters (id, subject_id, name, is_placeholder, phase, month, order_index, jee_weight, difficulty, priority, estimated_hours) values ('a090ef3e-5ff4-4114-abd2-000df3b8ea47', '4f355696-d803-431f-b74d-4bbcdf8082de', 'Determinants', false, 'Momentum', '2026-08-01', 4, 'high', 'medium', 'high', 10);
insert into public.chapters (id, subject_id, name, is_placeholder, phase, month, order_index, jee_weight, difficulty, priority, estimated_hours) values ('d91de8e5-1402-484b-85c3-93ada36b5cc1', '4f355696-d803-431f-b74d-4bbcdf8082de', 'Continuity and Differentiability', false, 'Momentum', '2026-08-01', 5, 'high', 'hard', 'high', 10);
insert into public.chapters (id, subject_id, name, is_placeholder, phase, month, order_index, jee_weight, difficulty, priority, estimated_hours) values ('4bb086b9-5877-4be2-968b-2752c1a5199e', '4f355696-d803-431f-b74d-4bbcdf8082de', 'Application of Derivatives', false, 'Momentum', '2026-08-01', 6, 'high', 'hard', 'high', 10);
insert into public.chapters (id, subject_id, name, is_placeholder, phase, month, order_index, jee_weight, difficulty, priority, estimated_hours) values ('29832009-a682-47b5-83d0-f5ac3e9728eb', '4f355696-d803-431f-b74d-4bbcdf8082de', 'Integrals', false, 'NDA Phase', '2026-09-01', 7, 'high', 'hard', 'high', 10);
insert into public.chapters (id, subject_id, name, is_placeholder, phase, month, order_index, jee_weight, difficulty, priority, estimated_hours) values ('d6cb7a8d-85a1-443b-9a67-8ff00b73926d', '4f355696-d803-431f-b74d-4bbcdf8082de', 'Application of Integrals', false, 'NDA Phase', '2026-09-01', 8, 'high', 'medium', 'high', 10);
insert into public.chapters (id, subject_id, name, is_placeholder, phase, month, order_index, jee_weight, difficulty, priority, estimated_hours) values ('7f8d8a79-2750-4781-883a-eac5cc3d3a54', '4f355696-d803-431f-b74d-4bbcdf8082de', 'Differential Equations', false, 'NDA Phase', '2026-09-01', 9, 'high', 'medium', 'high', 10);
insert into public.chapters (id, subject_id, name, is_placeholder, phase, month, order_index, jee_weight, difficulty, priority, estimated_hours) values ('bf9e05bd-8abb-417d-b42a-5321f0973994', '4f355696-d803-431f-b74d-4bbcdf8082de', 'Vector Algebra', false, 'Integration', '2026-10-01', 10, 'high', 'medium', 'high', 10);
insert into public.chapters (id, subject_id, name, is_placeholder, phase, month, order_index, jee_weight, difficulty, priority, estimated_hours) values ('cf3a9536-8b30-4bbb-a374-b83ee8611d41', '4f355696-d803-431f-b74d-4bbcdf8082de', 'Three Dimensional Geometry', false, 'Integration', '2026-10-01', 11, 'high', 'hard', 'high', 10);
insert into public.chapters (id, subject_id, name, is_placeholder, phase, month, order_index, jee_weight, difficulty, priority, estimated_hours) values ('0d066500-ffc3-470a-b9e1-35d71288daff', '4f355696-d803-431f-b74d-4bbcdf8082de', 'Linear Programming', false, 'Integration', '2026-10-01', 12, 'standard', 'easy', 'low', 10);
insert into public.chapters (id, subject_id, name, is_placeholder, phase, month, order_index, jee_weight, difficulty, priority, estimated_hours) values ('a8ce12a8-a528-4216-9fd9-fb16d85f2086', '4f355696-d803-431f-b74d-4bbcdf8082de', 'Probability', false, 'Preboard Phase', '2026-11-01', 13, 'high', 'hard', 'high', 10);
insert into public.chapters (id, subject_id, name, is_placeholder, phase, month, order_index, jee_weight, difficulty, priority, estimated_hours) values ('25c574a1-4257-471c-aa11-512d51a73ed6', 'e72fda95-da64-4646-96d0-6ef96ba2eea0', 'Review of Python Basics', false, 'Foundation', '2026-07-01', 1, 'none', 'easy', 'medium', 4);
insert into public.chapters (id, subject_id, name, is_placeholder, phase, month, order_index, jee_weight, difficulty, priority, estimated_hours) values ('6b58203a-ec91-4596-a759-c157180ee462', 'e72fda95-da64-4646-96d0-6ef96ba2eea0', 'Functions', false, 'Foundation', '2026-07-01', 2, 'none', 'medium', 'medium', 4);
insert into public.chapters (id, subject_id, name, is_placeholder, phase, month, order_index, jee_weight, difficulty, priority, estimated_hours) values ('874c7279-96bc-482f-96d2-00757af88432', 'e72fda95-da64-4646-96d0-6ef96ba2eea0', 'File Handling', false, 'Momentum', '2026-08-01', 3, 'none', 'hard', 'high', 4);
insert into public.chapters (id, subject_id, name, is_placeholder, phase, month, order_index, jee_weight, difficulty, priority, estimated_hours) values ('d2381718-0b21-4f06-87e4-4a850705f476', 'e72fda95-da64-4646-96d0-6ef96ba2eea0', 'Data Structures (Stack)', false, 'Momentum', '2026-08-01', 4, 'none', 'medium', 'medium', 4);
insert into public.chapters (id, subject_id, name, is_placeholder, phase, month, order_index, jee_weight, difficulty, priority, estimated_hours) values ('349d0e30-c625-46c6-87b8-8b780fc7de96', 'e72fda95-da64-4646-96d0-6ef96ba2eea0', 'Computer Networks', false, 'NDA Phase', '2026-09-01', 5, 'none', 'easy', 'low', 4);
insert into public.chapters (id, subject_id, name, is_placeholder, phase, month, order_index, jee_weight, difficulty, priority, estimated_hours) values ('e2fd0be6-811f-47ba-8908-a746fe8622be', 'e72fda95-da64-4646-96d0-6ef96ba2eea0', 'Database Management', false, 'NDA Phase', '2026-09-01', 6, 'none', 'medium', 'medium', 4);
insert into public.chapters (id, subject_id, name, is_placeholder, phase, month, order_index, jee_weight, difficulty, priority, estimated_hours) values ('6a4997ad-f078-4d8b-a369-08526f972b07', 'e72fda95-da64-4646-96d0-6ef96ba2eea0', 'SQL', false, 'Integration', '2026-10-01', 7, 'none', 'medium', 'high', 4);
insert into public.chapters (id, subject_id, name, is_placeholder, phase, month, order_index, jee_weight, difficulty, priority, estimated_hours) values ('2c49d664-5d76-4142-8eea-7437e51de9b3', 'e72fda95-da64-4646-96d0-6ef96ba2eea0', 'Interface of Python with SQL', false, 'Integration', '2026-10-01', 8, 'none', 'hard', 'high', 4);
insert into public.chapters (id, subject_id, name, is_placeholder, phase, month, order_index, jee_weight, difficulty, priority, estimated_hours) values ('6483175e-abeb-403c-b042-48c9af661cc0', '51122e19-ef57-4cae-aa43-a1961e3c0dcd', 'The Last Lesson', false, 'Foundation', '2026-07-01', 1, 'none', 'easy', 'low', 4);
insert into public.chapters (id, subject_id, name, is_placeholder, phase, month, order_index, jee_weight, difficulty, priority, estimated_hours) values ('b049562c-a5a3-4842-b964-546e42e3f45c', '51122e19-ef57-4cae-aa43-a1961e3c0dcd', 'Lost Spring', false, 'Foundation', '2026-07-01', 2, 'none', 'easy', 'low', 4);
insert into public.chapters (id, subject_id, name, is_placeholder, phase, month, order_index, jee_weight, difficulty, priority, estimated_hours) values ('3536ccfb-1fdc-4c94-ad89-464de4aed59e', '51122e19-ef57-4cae-aa43-a1961e3c0dcd', 'Deep Water', false, 'Foundation', '2026-07-01', 3, 'none', 'easy', 'low', 4);
insert into public.chapters (id, subject_id, name, is_placeholder, phase, month, order_index, jee_weight, difficulty, priority, estimated_hours) values ('5a8f62f3-058f-4ec3-abf5-79ec9ad7348d', '51122e19-ef57-4cae-aa43-a1961e3c0dcd', 'The Rattrap', false, 'Momentum', '2026-08-01', 4, 'none', 'easy', 'low', 4);
insert into public.chapters (id, subject_id, name, is_placeholder, phase, month, order_index, jee_weight, difficulty, priority, estimated_hours) values ('1ab5c27c-f6d2-4660-8d01-423f9c0c0be9', '51122e19-ef57-4cae-aa43-a1961e3c0dcd', 'Indigo', false, 'Momentum', '2026-08-01', 5, 'none', 'easy', 'low', 4);
insert into public.chapters (id, subject_id, name, is_placeholder, phase, month, order_index, jee_weight, difficulty, priority, estimated_hours) values ('4b82643a-798c-4be2-982d-844b429b0b9a', '51122e19-ef57-4cae-aa43-a1961e3c0dcd', 'Poets and Pancakes', false, 'Momentum', '2026-08-01', 6, 'none', 'easy', 'low', 4);
insert into public.chapters (id, subject_id, name, is_placeholder, phase, month, order_index, jee_weight, difficulty, priority, estimated_hours) values ('1a8b9b71-9a4e-4920-af54-3481f97390d4', '51122e19-ef57-4cae-aa43-a1961e3c0dcd', 'The Interview', false, 'NDA Phase', '2026-09-01', 7, 'none', 'easy', 'low', 4);
insert into public.chapters (id, subject_id, name, is_placeholder, phase, month, order_index, jee_weight, difficulty, priority, estimated_hours) values ('88778f1d-d80f-489c-86b7-66b8934f9736', '51122e19-ef57-4cae-aa43-a1961e3c0dcd', 'Going Places', false, 'NDA Phase', '2026-09-01', 8, 'none', 'easy', 'low', 4);
insert into public.chapters (id, subject_id, name, is_placeholder, phase, month, order_index, jee_weight, difficulty, priority, estimated_hours) values ('f95ee7bf-65ba-483c-95d3-37c07e9ca49d', '51122e19-ef57-4cae-aa43-a1961e3c0dcd', 'My Mother at Sixty-Six', false, 'NDA Phase', '2026-09-01', 9, 'none', 'easy', 'low', 4);
insert into public.chapters (id, subject_id, name, is_placeholder, phase, month, order_index, jee_weight, difficulty, priority, estimated_hours) values ('2ece74e6-723f-4500-b82c-6ea3fd95bfd5', '51122e19-ef57-4cae-aa43-a1961e3c0dcd', 'Keeping Quiet', false, 'Integration', '2026-10-01', 10, 'none', 'easy', 'low', 4);
insert into public.chapters (id, subject_id, name, is_placeholder, phase, month, order_index, jee_weight, difficulty, priority, estimated_hours) values ('d480c4f8-1b17-4a70-9e60-8d38d461f226', '51122e19-ef57-4cae-aa43-a1961e3c0dcd', 'A Thing of Beauty', false, 'Integration', '2026-10-01', 11, 'none', 'easy', 'low', 4);
insert into public.chapters (id, subject_id, name, is_placeholder, phase, month, order_index, jee_weight, difficulty, priority, estimated_hours) values ('79e0b42e-876d-4679-af9a-5c81b4ded4cd', '51122e19-ef57-4cae-aa43-a1961e3c0dcd', 'A Roadside Stand', false, 'Integration', '2026-10-01', 12, 'none', 'easy', 'low', 4);
insert into public.chapters (id, subject_id, name, is_placeholder, phase, month, order_index, jee_weight, difficulty, priority, estimated_hours) values ('ceee2579-e90e-475b-bdda-628064e6fa23', '51122e19-ef57-4cae-aa43-a1961e3c0dcd', 'Aunt Jennifer''s Tigers', false, 'Preboard Phase', '2026-11-01', 13, 'none', 'easy', 'low', 4);

